"Apple iPhone SE (Black, 128 GB) (Includes EarPods, Power Adapter)","39,999","89,226 Ratings "
"Apple iPhone SE (White, 128 GB) (Includes EarPods, Power Adapter)","39,999","89,226 Ratings "
"Apple iPhone SE (Red, 128 GB) (Includes EarPods, Power Adapter)","39,999","89,226 Ratings "
"Apple iPhone 7 Plus (Black, 32 GB)","37,900","29,484 Ratings "
"Apple iPhone 8 (Gold, 64 GB)","39,900","11,181 Ratings "
"Apple iPhone SE (Red, 128 GB)","39,999","89,226 Ratings "
"Apple iPhone SE (White, 128 GB)","39,999","89,226 Ratings "
"Apple iPhone SE (Black, 128 GB)","39,999","89,226 Ratings "
"Apple iPhone 7 (Rose Gold, 256 GB)","39,990","94,396 Ratings "
"Apple iPhone SE (Black, 64 GB) (Includes EarPods, Power Adapter)","34,999","89,226 Ratings "
"Apple iPhone SE (White, 64 GB) (Includes EarPods, Power Adapter)","34,999","89,226 Ratings "
"Apple iPhone SE (Red, 64 GB) (Includes EarPods, Power Adapter)","34,999","89,226 Ratings "
"Apple iPhone SE (Red, 64 GB)","34,999","89,226 Ratings "
"Apple iPhone SE (White, 64 GB)","34,999","89,226 Ratings "
"Apple iPhone SE (Black, 64 GB)","34,999","89,226 Ratings "
"Apple iPhone XR (White, 64 GB) (Includes EarPods, Power Adapter)","43,999","74,199 Ratings "
"Apple iPhone XR (Black, 64 GB) (Includes EarPods, Power Adapter)","43,999","74,199 Ratings "
"Apple iPhone XR ((PRODUCT)RED, 64 GB) (Includes EarPods, Power Adapter)","43,999","74,199 Ratings "
"Apple iPhone XR (Coral, 64 GB) (Includes EarPods, Power Adapter)","43,999","74,199 Ratings "
"Apple iPhone XR (Yellow, 64 GB) (Includes EarPods, Power Adapter)","43,999","74,199 Ratings "
"Apple iPhone XR (Blue, 64 GB) (Includes EarPods, Power Adapter)","43,999","74,199 Ratings "
"Apple iPhone 7 Plus (Rose Gold, 32 GB)","42,999","29,484 Ratings "
"Apple iPhone 7 (Black, 32 GB)","29,498","94,396 Ratings "
"Apple iPhone 11 (White, 64 GB)","51,999","31,000 Ratings "
"Device Details","Price","Ratings"
